<?xml version="1.0" encoding="UTF-8"?>
<project-private xmlns="http://www.netbeans.org/ns/project-private/1">
    <editor-bookmarks xmlns="http://www.netbeans.org/ns/editor-bookmarks/2" lastBookmarkId="0"/>
    <open-files xmlns="http://www.netbeans.org/ns/projectui-open-files/2">
        <group>
            <file>file:/C:/Users/min/Documents/NetBeansProjects/tester/src/View/SignInGUI.java</file>
            <file>file:/C:/Users/min/Documents/NetBeansProjects/tester/src/View/SignUpGUI.java</file>
            <file>file:/C:/Users/min/Documents/NetBeansProjects/tester/src/View/BubbleTeaView.java</file>
            <file>file:/C:/Users/min/Documents/NetBeansProjects/tester/src/Controller/PizzaListener.java</file>
            <file>file:/C:/Users/min/Documents/NetBeansProjects/tester/src/Controller/BubbleTeaListener.java</file>
            <file>file:/C:/Users/min/Documents/NetBeansProjects/tester/src/Controller/HotdogListener.java</file>
            <file>file:/C:/Users/min/Documents/NetBeansProjects/tester/src/View/CartView.java</file>
            <file>file:/C:/Users/min/Documents/NetBeansProjects/tester/src/View/HamburgerView.java</file>
            <file>file:/C:/Users/min/Documents/NetBeansProjects/tester/src/Model/CoffeeModel.java</file>
            <file>file:/C:/Users/min/Documents/NetBeansProjects/tester/src/Controller/DiscountCodeViewListener.java</file>
            <file>file:/C:/Users/min/Documents/NetBeansProjects/tester/src/Model/DiscountCodeModel.java</file>
            <file>file:/C:/Users/min/Documents/NetBeansProjects/tester/src/Controller/HamburgerListener.java</file>
            <file>file:/C:/Users/min/Documents/NetBeansProjects/tester/src/View/HotdogView.java</file>
            <file>file:/C:/Users/min/Documents/NetBeansProjects/tester/src/Controller/SignInGUIListener.java</file>
            <file>file:/C:/Users/min/Documents/NetBeansProjects/tester/src/Controller/BillListener.java</file>
            <file>file:/C:/Users/min/Documents/NetBeansProjects/tester/src/View/BillView.java</file>
            <file>file:/C:/Users/min/Documents/NetBeansProjects/tester/src/View/BeerView.java</file>
            <file>file:/C:/Users/min/Documents/NetBeansProjects/tester/src/Model/SignInModel.java</file>
            <file>file:/C:/Users/min/Documents/NetBeansProjects/tester/src/Controller/BreadListener.java</file>
            <file>file:/C:/Users/min/Documents/NetBeansProjects/tester/src/Controller/MainListener.java</file>
            <file>file:/C:/Users/min/Documents/NetBeansProjects/tester/src/Test/Test.java</file>
            <file>file:/C:/Users/min/Documents/NetBeansProjects/tester/src/Controller/CoffeeListener.java</file>
            <file>file:/C:/Users/min/Documents/NetBeansProjects/tester/src/View/underMaintenance.java</file>
            <file>file:/C:/Users/min/Documents/NetBeansProjects/tester/src/Model/HotdogModel.java</file>
            <file>file:/C:/Users/min/Documents/NetBeansProjects/tester/src/View/MainView.java</file>
            <file>file:/C:/Users/min/Documents/NetBeansProjects/tester/src/Controller/UnderMaintaintenanceListener.java</file>
            <file>file:/C:/Users/min/Documents/NetBeansProjects/tester/src/View/PizzaView.java</file>
            <file>file:/C:/Users/min/Documents/NetBeansProjects/tester/src/Controller/BeerListener.java</file>
            <file>file:/C:/Users/min/Documents/NetBeansProjects/tester/src/View/BreadView.java</file>
            <file>file:/C:/Users/min/Documents/NetBeansProjects/tester/src/Controller/SignUpGUIListener.java</file>
            <file>file:/C:/Users/min/Documents/NetBeansProjects/tester/src/Controller/UserListener.java</file>
            <file>file:/C:/Users/min/Documents/NetBeansProjects/tester/src/Model/SignUpModel.java</file>
            <file>file:/C:/Users/min/Documents/NetBeansProjects/tester/src/Controller/ButtonBelowListener.java</file>
            <file>file:/C:/Users/min/Documents/NetBeansProjects/tester/src/View/DiscountCodeView.java</file>
            <file>file:/C:/Users/min/Documents/NetBeansProjects/tester/src/View/UserView.java</file>
            <file>file:/C:/Users/min/Documents/NetBeansProjects/tester/src/Model/BeerModel.java</file>
            <file>file:/C:/Users/min/Documents/NetBeansProjects/tester/src/Model/BubbleTeaModel.java</file>
            <file>file:/C:/Users/min/Documents/NetBeansProjects/tester/src/Model/PizzaModel.java</file>
            <file>file:/C:/Users/min/Documents/NetBeansProjects/tester/src/View/InCashCartView.java</file>
            <file>file:/C:/Users/min/Documents/NetBeansProjects/tester/src/View/Custume.java</file>
            <file>file:/C:/Users/min/Documents/NetBeansProjects/tester/src/View/CoffeeView.java</file>
            <file>file:/C:/Users/min/Documents/NetBeansProjects/tester/src/Controller/CartListener.java</file>
            <file>file:/C:/Users/min/Documents/NetBeansProjects/tester/src/View/IntroView.java</file>
            <file>file:/C:/Users/min/Documents/NetBeansProjects/tester/src/Model/BreadModel.java</file>
            <file>file:/C:/Users/min/Documents/NetBeansProjects/tester/src/Model/KFCModel.java</file>
            <file>file:/C:/Users/min/Documents/NetBeansProjects/tester/src/View/DealHotTodayView.java</file>
            <file>file:/C:/Users/min/Documents/NetBeansProjects/tester/src/View/KFCView.java</file>
            <file>file:/C:/Users/min/Documents/NetBeansProjects/tester/src/View/Manager.java</file>
            <file>file:/C:/Users/min/Documents/NetBeansProjects/tester/src/Model/HamburgerModel.java</file>
            <file>file:/C:/Users/min/Documents/NetBeansProjects/tester/src/View/QRCartView.java</file>
            <file>file:/C:/Users/min/Documents/NetBeansProjects/tester/src/Controller/KFCListener.java</file>
        </group>
    </open-files>
</project-private>
